quarter_code,quarter,year,quarter_number,state_code,state,region,income_real_brl,source_table,source_variable
202102,2º trimestre 2021,2021,2,11,Rondônia,Norte,2583.0,6472,5933
202102,2º trimestre 2021,2021,2,12,Acre,Norte,2713.0,6472,5933
202102,2º trimestre 2021,2021,2,13,Amazonas,Norte,2329.0,6472,5933
202102,2º trimestre 2021,2021,2,14,Roraima,Norte,2662.0,6472,5933
202102,2º trimestre 2021,2021,2,15,Pará,Norte,2228.0,6472,5933
202102,2º trimestre 2021,2021,2,16,Amapá,Norte,2779.0,6472,5933
202102,2º trimestre 2021,2021,2,17,Tocantins,Norte,2607.0,6472,5933
202102,2º trimestre 2021,2021,2,21,Maranhão,Nordeste,1868.0,6472,5933
202102,2º trimestre 2021,2021,2,22,Piauí,Nordeste,1957.0,6472,5933
202102,2º trimestre 2021,2021,2,23,Ceará,Nordeste,2173.0,6472,5933
202102,2º trimestre 2021,2021,2,24,Rio Grande do Norte,Nordeste,2613.0,6472,5933
202102,2º trimestre 2021,2021,2,25,Paraíba,Nordeste,2238.0,6472,5933
202102,2º trimestre 2021,2021,2,26,Pernambuco,Nordeste,2348.0,6472,5933
202102,2º trimestre 2021,2021,2,27,Alagoas,Nordeste,2091.0,6472,5933
202102,2º trimestre 2021,2021,2,28,Sergipe,Nordeste,2425.0,6472,5933
202102,2º trimestre 2021,2021,2,29,Bahia,Nordeste,2118.0,6472,5933
202102,2º trimestre 2021,2021,2,31,Minas Gerais,Sudeste,2833.0,6472,5933
202102,2º trimestre 2021,2021,2,32,Espírito Santo,Sudeste,2971.0,6472,5933
202102,2º trimestre 2021,2021,2,33,Rio de Janeiro,Sudeste,4148.0,6472,5933
202102,2º trimestre 2021,2021,2,35,São Paulo,Sudeste,4082.0,6472,5933
202102,2º trimestre 2021,2021,2,41,Paraná,Sul,3426.0,6472,5933
202102,2º trimestre 2021,2021,2,42,Santa Catarina,Sul,3644.0,6472,5933
202102,2º trimestre 2021,2021,2,43,Rio Grande do Sul,Sul,3515.0,6472,5933
202102,2º trimestre 2021,2021,2,50,Mato Grosso do Sul,Centro-Oeste,3265.0,6472,5933
202102,2º trimestre 2021,2021,2,51,Mato Grosso,Centro-Oeste,3141.0,6472,5933
202102,2º trimestre 2021,2021,2,52,Goiás,Centro-Oeste,3034.0,6472,5933
202102,2º trimestre 2021,2021,2,53,Distrito Federal,Centro-Oeste,5669.0,6472,5933
202103,3º trimestre 2021,2021,3,11,Rondônia,Norte,2693.0,6472,5933
202103,3º trimestre 2021,2021,3,12,Acre,Norte,2749.0,6472,5933
202103,3º trimestre 2021,2021,3,13,Amazonas,Norte,2184.0,6472,5933
202103,3º trimestre 2021,2021,3,14,Roraima,Norte,2698.0,6472,5933
202103,3º trimestre 2021,2021,3,15,Pará,Norte,2252.0,6472,5933
202103,3º trimestre 2021,2021,3,16,Amapá,Norte,2734.0,6472,5933
202103,3º trimestre 2021,2021,3,17,Tocantins,Norte,2837.0,6472,5933
202103,3º trimestre 2021,2021,3,21,Maranhão,Nordeste,1885.0,6472,5933
202103,3º trimestre 2021,2021,3,22,Piauí,Nordeste,2012.0,6472,5933
202103,3º trimestre 2021,2021,3,23,Ceará,Nordeste,2201.0,6472,5933
202103,3º trimestre 2021,2021,3,24,Rio Grande do Norte,Nordeste,2435.0,6472,5933
202103,3º trimestre 2021,2021,3,25,Paraíba,Nordeste,2223.0,6472,5933
202103,3º trimestre 2021,2021,3,26,Pernambuco,Nordeste,2140.0,6472,5933
202103,3º trimestre 2021,2021,3,27,Alagoas,Nordeste,2237.0,6472,5933
202103,3º trimestre 2021,2021,3,28,Sergipe,Nordeste,2275.0,6472,5933
202103,3º trimestre 2021,2021,3,29,Bahia,Nordeste,1985.0,6472,5933
202103,3º trimestre 2021,2021,3,31,Minas Gerais,Sudeste,2809.0,6472,5933
202103,3º trimestre 2021,2021,3,32,Espírito Santo,Sudeste,3010.0,6472,5933
202103,3º trimestre 2021,2021,3,33,Rio de Janeiro,Sudeste,3658.0,6472,5933
202103,3º trimestre 2021,2021,3,35,São Paulo,Sudeste,3942.0,6472,5933
202103,3º trimestre 2021,2021,3,41,Paraná,Sul,3248.0,6472,5933
202103,3º trimestre 2021,2021,3,42,Santa Catarina,Sul,3504.0,6472,5933
202103,3º trimestre 2021,2021,3,43,Rio Grande do Sul,Sul,3449.0,6472,5933
202103,3º trimestre 2021,2021,3,50,Mato Grosso do Sul,Centro-Oeste,3100.0,6472,5933
202103,3º trimestre 2021,2021,3,51,Mato Grosso,Centro-Oeste,3057.0,6472,5933
202103,3º trimestre 2021,2021,3,52,Goiás,Centro-Oeste,2958.0,6472,5933
202103,3º trimestre 2021,2021,3,53,Distrito Federal,Centro-Oeste,5240.0,6472,5933
202104,4º trimestre 2021,2021,4,11,Rondônia,Norte,2626.0,6472,5933
202104,4º trimestre 2021,2021,4,12,Acre,Norte,2614.0,6472,5933
202104,4º trimestre 2021,2021,4,13,Amazonas,Norte,2196.0,6472,5933
202104,4º trimestre 2021,2021,4,14,Roraima,Norte,2806.0,6472,5933
202104,4º trimestre 2021,2021,4,15,Pará,Norte,2081.0,6472,5933
202104,4º trimestre 2021,2021,4,16,Amapá,Norte,2720.0,6472,5933
202104,4º trimestre 2021,2021,4,17,Tocantins,Norte,2565.0,6472,5933
202104,4º trimestre 2021,2021,4,21,Maranhão,Nordeste,1771.0,6472,5933
202104,4º trimestre 2021,2021,4,22,Piauí,Nordeste,2054.0,6472,5933
202104,4º trimestre 2021,2021,4,23,Ceará,Nordeste,2151.0,6472,5933
202104,4º trimestre 2021,2021,4,24,Rio Grande do Norte,Nordeste,2364.0,6472,5933
202104,4º trimestre 2021,2021,4,25,Paraíba,Nordeste,2171.0,6472,5933
202104,4º trimestre 2021,2021,4,26,Pernambuco,Nordeste,2067.0,6472,5933
202104,4º trimestre 2021,2021,4,27,Alagoas,Nordeste,2115.0,6472,5933
202104,4º trimestre 2021,2021,4,28,Sergipe,Nordeste,2245.0,6472,5933
202104,4º trimestre 2021,2021,4,29,Bahia,Nordeste,1899.0,6472,5933
202104,4º trimestre 2021,2021,4,31,Minas Gerais,Sudeste,2731.0,6472,5933
202104,4º trimestre 2021,2021,4,32,Espírito Santo,Sudeste,3030.0,6472,5933
202104,4º trimestre 2021,2021,4,33,Rio de Janeiro,Sudeste,3617.0,6472,5933
202104,4º trimestre 2021,2021,4,35,São Paulo,Sudeste,3687.0,6472,5933
202104,4º trimestre 2021,2021,4,41,Paraná,Sul,3221.0,6472,5933
202104,4º trimestre 2021,2021,4,42,Santa Catarina,Sul,3390.0,6472,5933
202104,4º trimestre 2021,2021,4,43,Rio Grande do Sul,Sul,3313.0,6472,5933
202104,4º trimestre 2021,2021,4,50,Mato Grosso do Sul,Centro-Oeste,3129.0,6472,5933
202104,4º trimestre 2021,2021,4,51,Mato Grosso,Centro-Oeste,3083.0,6472,5933
202104,4º trimestre 2021,2021,4,52,Goiás,Centro-Oeste,2894.0,6472,5933
202104,4º trimestre 2021,2021,4,53,Distrito Federal,Centro-Oeste,5158.0,6472,5933
202201,1º trimestre 2022,2022,1,11,Rondônia,Norte,2645.0,6472,5933
202201,1º trimestre 2022,2022,1,12,Acre,Norte,2678.0,6472,5933
202201,1º trimestre 2022,2022,1,13,Amazonas,Norte,2292.0,6472,5933
202201,1º trimestre 2022,2022,1,14,Roraima,Norte,2756.0,6472,5933
202201,1º trimestre 2022,2022,1,15,Pará,Norte,2167.0,6472,5933
202201,1º trimestre 2022,2022,1,16,Amapá,Norte,2751.0,6472,5933
202201,1º trimestre 2022,2022,1,17,Tocantins,Norte,2662.0,6472,5933
202201,1º trimestre 2022,2022,1,21,Maranhão,Nordeste,1813.0,6472,5933
202201,1º trimestre 2022,2022,1,22,Piauí,Nordeste,1978.0,6472,5933
202201,1º trimestre 2022,2022,1,23,Ceará,Nordeste,2079.0,6472,5933
202201,1º trimestre 2022,2022,1,24,Rio Grande do Norte,Nordeste,2448.0,6472,5933
202201,1º trimestre 2022,2022,1,25,Paraíba,Nordeste,2122.0,6472,5933
202201,1º trimestre 2022,2022,1,26,Pernambuco,Nordeste,2050.0,6472,5933
202201,1º trimestre 2022,2022,1,27,Alagoas,Nordeste,2040.0,6472,5933
202201,1º trimestre 2022,2022,1,28,Sergipe,Nordeste,2113.0,6472,5933
202201,1º trimestre 2022,2022,1,29,Bahia,Nordeste,1976.0,6472,5933
202201,1º trimestre 2022,2022,1,31,Minas Gerais,Sudeste,2687.0,6472,5933
202201,1º trimestre 2022,2022,1,32,Espírito Santo,Sudeste,3104.0,6472,5933
202201,1º trimestre 2022,2022,1,33,Rio de Janeiro,Sudeste,3688.0,6472,5933
202201,1º trimestre 2022,2022,1,35,São Paulo,Sudeste,3785.0,6472,5933
202201,1º trimestre 2022,2022,1,41,Paraná,Sul,3231.0,6472,5933
202201,1º trimestre 2022,2022,1,42,Santa Catarina,Sul,3468.0,6472,5933
202201,1º trimestre 2022,2022,1,43,Rio Grande do Sul,Sul,3368.0,6472,5933
202201,1º trimestre 2022,2022,1,50,Mato Grosso do Sul,Centro-Oeste,3243.0,6472,5933
202201,1º trimestre 2022,2022,1,51,Mato Grosso,Centro-Oeste,3177.0,6472,5933
202201,1º trimestre 2022,2022,1,52,Goiás,Centro-Oeste,2898.0,6472,5933
202201,1º trimestre 2022,2022,1,53,Distrito Federal,Centro-Oeste,5147.0,6472,5933
202202,2º trimestre 2022,2022,2,11,Rondônia,Norte,2734.0,6472,5933
202202,2º trimestre 2022,2022,2,12,Acre,Norte,2721.0,6472,5933
202202,2º trimestre 2022,2022,2,13,Amazonas,Norte,2347.0,6472,5933
202202,2º trimestre 2022,2022,2,14,Roraima,Norte,2803.0,6472,5933
202202,2º trimestre 2022,2022,2,15,Pará,Norte,2223.0,6472,5933
202202,2º trimestre 2022,2022,2,16,Amapá,Norte,2546.0,6472,5933
202202,2º trimestre 2022,2022,2,17,Tocantins,Norte,2686.0,6472,5933
202202,2º trimestre 2022,2022,2,21,Maranhão,Nordeste,1869.0,6472,5933
202202,2º trimestre 2022,2022,2,22,Piauí,Nordeste,2147.0,6472,5933
202202,2º trimestre 2022,2022,2,23,Ceará,Nordeste,2072.0,6472,5933
202202,2º trimestre 2022,2022,2,24,Rio Grande do Norte,Nordeste,2352.0,6472,5933
202202,2º trimestre 2022,2022,2,25,Paraíba,Nordeste,2176.0,6472,5933
202202,2º trimestre 2022,2022,2,26,Pernambuco,Nordeste,2042.0,6472,5933
202202,2º trimestre 2022,2022,2,27,Alagoas,Nordeste,2155.0,6472,5933
202202,2º trimestre 2022,2022,2,28,Sergipe,Nordeste,2131.0,6472,5933
202202,2º trimestre 2022,2022,2,29,Bahia,Nordeste,1951.0,6472,5933
202202,2º trimestre 2022,2022,2,31,Minas Gerais,Sudeste,2719.0,6472,5933
202202,2º trimestre 2022,2022,2,32,Espírito Santo,Sudeste,3055.0,6472,5933
202202,2º trimestre 2022,2022,2,33,Rio de Janeiro,Sudeste,3752.0,6472,5933
202202,2º trimestre 2022,2022,2,35,São Paulo,Sudeste,3845.0,6472,5933
202202,2º trimestre 2022,2022,2,41,Paraná,Sul,3297.0,6472,5933
202202,2º trimestre 2022,2022,2,42,Santa Catarina,Sul,3433.0,6472,5933
202202,2º trimestre 2022,2022,2,43,Rio Grande do Sul,Sul,3353.0,6472,5933
202202,2º trimestre 2022,2022,2,50,Mato Grosso do Sul,Centro-Oeste,3324.0,6472,5933
202202,2º trimestre 2022,2022,2,51,Mato Grosso,Centro-Oeste,3298.0,6472,5933
202202,2º trimestre 2022,2022,2,52,Goiás,Centro-Oeste,2885.0,6472,5933
202202,2º trimestre 2022,2022,2,53,Distrito Federal,Centro-Oeste,5236.0,6472,5933
202203,3º trimestre 2022,2022,3,11,Rondônia,Norte,2812.0,6472,5933
202203,3º trimestre 2022,2022,3,12,Acre,Norte,2671.0,6472,5933
202203,3º trimestre 2022,2022,3,13,Amazonas,Norte,2438.0,6472,5933
202203,3º trimestre 2022,2022,3,14,Roraima,Norte,2689.0,6472,5933
202203,3º trimestre 2022,2022,3,15,Pará,Norte,2327.0,6472,5933
202203,3º trimestre 2022,2022,3,16,Amapá,Norte,2727.0,6472,5933
202203,3º trimestre 2022,2022,3,17,Tocantins,Norte,2921.0,6472,5933
202203,3º trimestre 2022,2022,3,21,Maranhão,Nordeste,1937.0,6472,5933
202203,3º trimestre 2022,2022,3,22,Piauí,Nordeste,2393.0,6472,5933
202203,3º trimestre 2022,2022,3,23,Ceará,Nordeste,2214.0,6472,5933
202203,3º trimestre 2022,2022,3,24,Rio Grande do Norte,Nordeste,2313.0,6472,5933
202203,3º trimestre 2022,2022,3,25,Paraíba,Nordeste,2557.0,6472,5933
202203,3º trimestre 2022,2022,3,26,Pernambuco,Nordeste,2117.0,6472,5933
202203,3º trimestre 2022,2022,3,27,Alagoas,Nordeste,2140.0,6472,5933
202203,3º trimestre 2022,2022,3,28,Sergipe,Nordeste,2227.0,6472,5933
202203,3º trimestre 2022,2022,3,29,Bahia,Nordeste,1975.0,6472,5933
202203,3º trimestre 2022,2022,3,31,Minas Gerais,Sudeste,2871.0,6472,5933
202203,3º trimestre 2022,2022,3,32,Espírito Santo,Sudeste,3164.0,6472,5933
202203,3º trimestre 2022,2022,3,33,Rio de Janeiro,Sudeste,3782.0,6472,5933
202203,3º trimestre 2022,2022,3,35,São Paulo,Sudeste,3917.0,6472,5933
202203,3º trimestre 2022,2022,3,41,Paraná,Sul,3393.0,6472,5933
202203,3º trimestre 2022,2022,3,42,Santa Catarina,Sul,3621.0,6472,5933
202203,3º trimestre 2022,2022,3,43,Rio Grande do Sul,Sul,3593.0,6472,5933
202203,3º trimestre 2022,2022,3,50,Mato Grosso do Sul,Centro-Oeste,3451.0,6472,5933
202203,3º trimestre 2022,2022,3,51,Mato Grosso,Centro-Oeste,3531.0,6472,5933
202203,3º trimestre 2022,2022,3,52,Goiás,Centro-Oeste,3074.0,6472,5933
202203,3º trimestre 2022,2022,3,53,Distrito Federal,Centro-Oeste,5673.0,6472,5933
202204,4º trimestre 2022,2022,4,11,Rondônia,Norte,2979.0,6472,5933
202204,4º trimestre 2022,2022,4,12,Acre,Norte,2602.0,6472,5933
202204,4º trimestre 2022,2022,4,13,Amazonas,Norte,2481.0,6472,5933
202204,4º trimestre 2022,2022,4,14,Roraima,Norte,3054.0,6472,5933
202204,4º trimestre 2022,2022,4,15,Pará,Norte,2358.0,6472,5933
202204,4º trimestre 2022,2022,4,16,Amapá,Norte,2833.0,6472,5933
202204,4º trimestre 2022,2022,4,17,Tocantins,Norte,2898.0,6472,5933
202204,4º trimestre 2022,2022,4,21,Maranhão,Nordeste,1975.0,6472,5933
202204,4º trimestre 2022,2022,4,22,Piauí,Nordeste,2338.0,6472,5933
202204,4º trimestre 2022,2022,4,23,Ceará,Nordeste,2052.0,6472,5933
202204,4º trimestre 2022,2022,4,24,Rio Grande do Norte,Nordeste,2457.0,6472,5933
202204,4º trimestre 2022,2022,4,25,Paraíba,Nordeste,2276.0,6472,5933
202204,4º trimestre 2022,2022,4,26,Pernambuco,Nordeste,2321.0,6472,5933
202204,4º trimestre 2022,2022,4,27,Alagoas,Nordeste,2134.0,6472,5933
202204,4º trimestre 2022,2022,4,28,Sergipe,Nordeste,2287.0,6472,5933
202204,4º trimestre 2022,2022,4,29,Bahia,Nordeste,2031.0,6472,5933
202204,4º trimestre 2022,2022,4,31,Minas Gerais,Sudeste,2904.0,6472,5933
202204,4º trimestre 2022,2022,4,32,Espírito Santo,Sudeste,3212.0,6472,5933
202204,4º trimestre 2022,2022,4,33,Rio de Janeiro,Sudeste,3890.0,6472,5933
202204,4º trimestre 2022,2022,4,35,São Paulo,Sudeste,4004.0,6472,5933
202204,4º trimestre 2022,2022,4,41,Paraná,Sul,3457.0,6472,5933
202204,4º trimestre 2022,2022,4,42,Santa Catarina,Sul,3605.0,6472,5933
202204,4º trimestre 2022,2022,4,43,Rio Grande do Sul,Sul,3670.0,6472,5933
202204,4º trimestre 2022,2022,4,50,Mato Grosso do Sul,Centro-Oeste,3715.0,6472,5933
202204,4º trimestre 2022,2022,4,51,Mato Grosso,Centro-Oeste,3626.0,6472,5933
202204,4º trimestre 2022,2022,4,52,Goiás,Centro-Oeste,3177.0,6472,5933
202204,4º trimestre 2022,2022,4,53,Distrito Federal,Centro-Oeste,5549.0,6472,5933
202301,1º trimestre 2023,2023,1,11,Rondônia,Norte,2920.0,6472,5933
202301,1º trimestre 2023,2023,1,12,Acre,Norte,2604.0,6472,5933
202301,1º trimestre 2023,2023,1,13,Amazonas,Norte,2400.0,6472,5933
202301,1º trimestre 2023,2023,1,14,Roraima,Norte,3049.0,6472,5933
202301,1º trimestre 2023,2023,1,15,Pará,Norte,2351.0,6472,5933
202301,1º trimestre 2023,2023,1,16,Amapá,Norte,2797.0,6472,5933
202301,1º trimestre 2023,2023,1,17,Tocantins,Norte,2786.0,6472,5933
202301,1º trimestre 2023,2023,1,21,Maranhão,Nordeste,2075.0,6472,5933
202301,1º trimestre 2023,2023,1,22,Piauí,Nordeste,2595.0,6472,5933
202301,1º trimestre 2023,2023,1,23,Ceará,Nordeste,2176.0,6472,5933
202301,1º trimestre 2023,2023,1,24,Rio Grande do Norte,Nordeste,2388.0,6472,5933
202301,1º trimestre 2023,2023,1,25,Paraíba,Nordeste,2369.0,6472,5933
202301,1º trimestre 2023,2023,1,26,Pernambuco,Nordeste,2301.0,6472,5933
202301,1º trimestre 2023,2023,1,27,Alagoas,Nordeste,2242.0,6472,5933
202301,1º trimestre 2023,2023,1,28,Sergipe,Nordeste,2296.0,6472,5933
202301,1º trimestre 2023,2023,1,29,Bahia,Nordeste,2080.0,6472,5933
202301,1º trimestre 2023,2023,1,31,Minas Gerais,Sudeste,3026.0,6472,5933
202301,1º trimestre 2023,2023,1,32,Espírito Santo,Sudeste,3259.0,6472,5933
202301,1º trimestre 2023,2023,1,33,Rio de Janeiro,Sudeste,3950.0,6472,5933
202301,1º trimestre 2023,2023,1,35,São Paulo,Sudeste,3973.0,6472,5933
202301,1º trimestre 2023,2023,1,41,Paraná,Sul,3421.0,6472,5933
202301,1º trimestre 2023,2023,1,42,Santa Catarina,Sul,3605.0,6472,5933
202301,1º trimestre 2023,2023,1,43,Rio Grande do Sul,Sul,3565.0,6472,5933
202301,1º trimestre 2023,2023,1,50,Mato Grosso do Sul,Centro-Oeste,3579.0,6472,5933
202301,1º trimestre 2023,2023,1,51,Mato Grosso,Centro-Oeste,3522.0,6472,5933
202301,1º trimestre 2023,2023,1,52,Goiás,Centro-Oeste,3259.0,6472,5933
202301,1º trimestre 2023,2023,1,53,Distrito Federal,Centro-Oeste,5561.0,6472,5933
202302,2º trimestre 2023,2023,2,11,Rondônia,Norte,2880.0,6472,5933
202302,2º trimestre 2023,2023,2,12,Acre,Norte,2676.0,6472,5933
202302,2º trimestre 2023,2023,2,13,Amazonas,Norte,2465.0,6472,5933
202302,2º trimestre 2023,2023,2,14,Roraima,Norte,3041.0,6472,5933
202302,2º trimestre 2023,2023,2,15,Pará,Norte,2450.0,6472,5933
202302,2º trimestre 2023,2023,2,16,Amapá,Norte,2850.0,6472,5933
202302,2º trimestre 2023,2023,2,17,Tocantins,Norte,2871.0,6472,5933
202302,2º trimestre 2023,2023,2,21,Maranhão,Nordeste,2036.0,6472,5933
202302,2º trimestre 2023,2023,2,22,Piauí,Nordeste,2558.0,6472,5933
202302,2º trimestre 2023,2023,2,23,Ceará,Nordeste,2237.0,6472,5933
202302,2º trimestre 2023,2023,2,24,Rio Grande do Norte,Nordeste,2355.0,6472,5933
202302,2º trimestre 2023,2023,2,25,Paraíba,Nordeste,2344.0,6472,5933
202302,2º trimestre 2023,2023,2,26,Pernambuco,Nordeste,2314.0,6472,5933
202302,2º trimestre 2023,2023,2,27,Alagoas,Nordeste,2213.0,6472,5933
202302,2º trimestre 2023,2023,2,28,Sergipe,Nordeste,2348.0,6472,5933
202302,2º trimestre 2023,2023,2,29,Bahia,Nordeste,2017.0,6472,5933
202302,2º trimestre 2023,2023,2,31,Minas Gerais,Sudeste,3010.0,6472,5933
202302,2º trimestre 2023,2023,2,32,Espírito Santo,Sudeste,3243.0,6472,5933
202302,2º trimestre 2023,2023,2,33,Rio de Janeiro,Sudeste,3926.0,6472,5933
202302,2º trimestre 2023,2023,2,35,São Paulo,Sudeste,3988.0,6472,5933
202302,2º trimestre 2023,2023,2,41,Paraná,Sul,3437.0,6472,5933
202302,2º trimestre 2023,2023,2,42,Santa Catarina,Sul,3590.0,6472,5933
202302,2º trimestre 2023,2023,2,43,Rio Grande do Sul,Sul,3541.0,6472,5933
202302,2º trimestre 2023,2023,2,50,Mato Grosso do Sul,Centro-Oeste,3546.0,6472,5933
202302,2º trimestre 2023,2023,2,51,Mato Grosso,Centro-Oeste,3550.0,6472,5933
202302,2º trimestre 2023,2023,2,52,Goiás,Centro-Oeste,3296.0,6472,5933
202302,2º trimestre 2023,2023,2,53,Distrito Federal,Centro-Oeste,5445.0,6472,5933
202303,3º trimestre 2023,2023,3,11,Rondônia,Norte,3030.0,6472,5933
202303,3º trimestre 2023,2023,3,12,Acre,Norte,2620.0,6472,5933
202303,3º trimestre 2023,2023,3,13,Amazonas,Norte,2394.0,6472,5933
202303,3º trimestre 2023,2023,3,14,Roraima,Norte,3202.0,6472,5933
202303,3º trimestre 2023,2023,3,15,Pará,Norte,2439.0,6472,5933
202303,3º trimestre 2023,2023,3,16,Amapá,Norte,2918.0,6472,5933
202303,3º trimestre 2023,2023,3,17,Tocantins,Norte,2972.0,6472,5933
202303,3º trimestre 2023,2023,3,21,Maranhão,Nordeste,2024.0,6472,5933
202303,3º trimestre 2023,2023,3,22,Piauí,Nordeste,2475.0,6472,5933
202303,3º trimestre 2023,2023,3,23,Ceará,Nordeste,2140.0,6472,5933
202303,3º trimestre 2023,2023,3,24,Rio Grande do Norte,Nordeste,2462.0,6472,5933
202303,3º trimestre 2023,2023,3,25,Paraíba,Nordeste,2427.0,6472,5933
202303,3º trimestre 2023,2023,3,26,Pernambuco,Nordeste,2313.0,6472,5933
202303,3º trimestre 2023,2023,3,27,Alagoas,Nordeste,2176.0,6472,5933
202303,3º trimestre 2023,2023,3,28,Sergipe,Nordeste,2250.0,6472,5933
202303,3º trimestre 2023,2023,3,29,Bahia,Nordeste,2109.0,6472,5933
202303,3º trimestre 2023,2023,3,31,Minas Gerais,Sudeste,3132.0,6472,5933
202303,3º trimestre 2023,2023,3,32,Espírito Santo,Sudeste,3165.0,6472,5933
202303,3º trimestre 2023,2023,3,33,Rio de Janeiro,Sudeste,4041.0,6472,5933
202303,3º trimestre 2023,2023,3,35,São Paulo,Sudeste,4052.0,6472,5933
202303,3º trimestre 2023,2023,3,41,Paraná,Sul,3475.0,6472,5933
202303,3º trimestre 2023,2023,3,42,Santa Catarina,Sul,3678.0,6472,5933
202303,3º trimestre 2023,2023,3,43,Rio Grande do Sul,Sul,3644.0,6472,5933
202303,3º trimestre 2023,2023,3,50,Mato Grosso do Sul,Centro-Oeste,3673.0,6472,5933
202303,3º trimestre 2023,2023,3,51,Mato Grosso,Centro-Oeste,3642.0,6472,5933
202303,3º trimestre 2023,2023,3,52,Goiás,Centro-Oeste,3326.0,6472,5933
202303,3º trimestre 2023,2023,3,53,Distrito Federal,Centro-Oeste,5523.0,6472,5933
202304,4º trimestre 2023,2023,4,11,Rondônia,Norte,3002.0,6472,5933
202304,4º trimestre 2023,2023,4,12,Acre,Norte,2636.0,6472,5933
202304,4º trimestre 2023,2023,4,13,Amazonas,Norte,2586.0,6472,5933
202304,4º trimestre 2023,2023,4,14,Roraima,Norte,2972.0,6472,5933
202304,4º trimestre 2023,2023,4,15,Pará,Norte,2494.0,6472,5933
202304,4º trimestre 2023,2023,4,16,Amapá,Norte,3000.0,6472,5933
202304,4º trimestre 2023,2023,4,17,Tocantins,Norte,2987.0,6472,5933
202304,4º trimestre 2023,2023,4,21,Maranhão,Nordeste,2010.0,6472,5933
202304,4º trimestre 2023,2023,4,22,Piauí,Nordeste,2440.0,6472,5933
202304,4º trimestre 2023,2023,4,23,Ceará,Nordeste,2201.0,6472,5933
202304,4º trimestre 2023,2023,4,24,Rio Grande do Norte,Nordeste,2661.0,6472,5933
202304,4º trimestre 2023,2023,4,25,Paraíba,Nordeste,2547.0,6472,5933
202304,4º trimestre 2023,2023,4,26,Pernambuco,Nordeste,2285.0,6472,5933
202304,4º trimestre 2023,2023,4,27,Alagoas,Nordeste,2177.0,6472,5933
202304,4º trimestre 2023,2023,4,28,Sergipe,Nordeste,2241.0,6472,5933
202304,4º trimestre 2023,2023,4,29,Bahia,Nordeste,2126.0,6472,5933
202304,4º trimestre 2023,2023,4,31,Minas Gerais,Sudeste,3085.0,6472,5933
202304,4º trimestre 2023,2023,4,32,Espírito Santo,Sudeste,3238.0,6472,5933
202304,4º trimestre 2023,2023,4,33,Rio de Janeiro,Sudeste,3916.0,6472,5933
202304,4º trimestre 2023,2023,4,35,São Paulo,Sudeste,4138.0,6472,5933
202304,4º trimestre 2023,2023,4,41,Paraná,Sul,3508.0,6472,5933
202304,4º trimestre 2023,2023,4,42,Santa Catarina,Sul,3725.0,6472,5933
202304,4º trimestre 2023,2023,4,43,Rio Grande do Sul,Sul,3639.0,6472,5933
202304,4º trimestre 2023,2023,4,50,Mato Grosso do Sul,Centro-Oeste,3613.0,6472,5933
202304,4º trimestre 2023,2023,4,51,Mato Grosso,Centro-Oeste,3663.0,6472,5933
202304,4º trimestre 2023,2023,4,52,Goiás,Centro-Oeste,3358.0,6472,5933
202304,4º trimestre 2023,2023,4,53,Distrito Federal,Centro-Oeste,5632.0,6472,5933
202401,1º trimestre 2024,2024,1,11,Rondônia,Norte,3000.0,6472,5933
202401,1º trimestre 2024,2024,1,12,Acre,Norte,2723.0,6472,5933
202401,1º trimestre 2024,2024,1,13,Amazonas,Norte,2496.0,6472,5933
202401,1º trimestre 2024,2024,1,14,Roraima,Norte,3020.0,6472,5933
202401,1º trimestre 2024,2024,1,15,Pará,Norte,2555.0,6472,5933
202401,1º trimestre 2024,2024,1,16,Amapá,Norte,2871.0,6472,5933
202401,1º trimestre 2024,2024,1,17,Tocantins,Norte,2884.0,6472,5933
202401,1º trimestre 2024,2024,1,21,Maranhão,Nordeste,2050.0,6472,5933
202401,1º trimestre 2024,2024,1,22,Piauí,Nordeste,2470.0,6472,5933
202401,1º trimestre 2024,2024,1,23,Ceará,Nordeste,2161.0,6472,5933
202401,1º trimestre 2024,2024,1,24,Rio Grande do Norte,Nordeste,2650.0,6472,5933
202401,1º trimestre 2024,2024,1,25,Paraíba,Nordeste,2520.0,6472,5933
202401,1º trimestre 2024,2024,1,26,Pernambuco,Nordeste,2247.0,6472,5933
202401,1º trimestre 2024,2024,1,27,Alagoas,Nordeste,2262.0,6472,5933
202401,1º trimestre 2024,2024,1,28,Sergipe,Nordeste,2330.0,6472,5933
202401,1º trimestre 2024,2024,1,29,Bahia,Nordeste,2252.0,6472,5933
202401,1º trimestre 2024,2024,1,31,Minas Gerais,Sudeste,3148.0,6472,5933
202401,1º trimestre 2024,2024,1,32,Espírito Santo,Sudeste,3392.0,6472,5933
202401,1º trimestre 2024,2024,1,33,Rio de Janeiro,Sudeste,3996.0,6472,5933
202401,1º trimestre 2024,2024,1,35,São Paulo,Sudeste,4195.0,6472,5933
202401,1º trimestre 2024,2024,1,41,Paraná,Sul,3639.0,6472,5933
202401,1º trimestre 2024,2024,1,42,Santa Catarina,Sul,3713.0,6472,5933
202401,1º trimestre 2024,2024,1,43,Rio Grande do Sul,Sul,3660.0,6472,5933
202401,1º trimestre 2024,2024,1,50,Mato Grosso do Sul,Centro-Oeste,3542.0,6472,5933
202401,1º trimestre 2024,2024,1,51,Mato Grosso,Centro-Oeste,3762.0,6472,5933
202401,1º trimestre 2024,2024,1,52,Goiás,Centro-Oeste,3395.0,6472,5933
202401,1º trimestre 2024,2024,1,53,Distrito Federal,Centro-Oeste,5536.0,6472,5933
202402,2º trimestre 2024,2024,2,11,Rondônia,Norte,3258.0,6472,5933
202402,2º trimestre 2024,2024,2,12,Acre,Norte,2667.0,6472,5933
202402,2º trimestre 2024,2024,2,13,Amazonas,Norte,2443.0,6472,5933
202402,2º trimestre 2024,2024,2,14,Roraima,Norte,2939.0,6472,5933
202402,2º trimestre 2024,2024,2,15,Pará,Norte,2535.0,6472,5933
202402,2º trimestre 2024,2024,2,16,Amapá,Norte,3128.0,6472,5933
202402,2º trimestre 2024,2024,2,17,Tocantins,Norte,2938.0,6472,5933
202402,2º trimestre 2024,2024,2,21,Maranhão,Nordeste,2227.0,6472,5933
202402,2º trimestre 2024,2024,2,22,Piauí,Nordeste,2530.0,6472,5933
202402,2º trimestre 2024,2024,2,23,Ceará,Nordeste,2315.0,6472,5933
202402,2º trimestre 2024,2024,2,24,Rio Grande do Norte,Nordeste,2797.0,6472,5933
202402,2º trimestre 2024,2024,2,25,Paraíba,Nordeste,2457.0,6472,5933
202402,2º trimestre 2024,2024,2,26,Pernambuco,Nordeste,2439.0,6472,5933
202402,2º trimestre 2024,2024,2,27,Alagoas,Nordeste,2286.0,6472,5933
202402,2º trimestre 2024,2024,2,28,Sergipe,Nordeste,2425.0,6472,5933
202402,2º trimestre 2024,2024,2,29,Bahia,Nordeste,2338.0,6472,5933
202402,2º trimestre 2024,2024,2,31,Minas Gerais,Sudeste,3230.0,6472,5933
202402,2º trimestre 2024,2024,2,32,Espírito Santo,Sudeste,3434.0,6472,5933
202402,2º trimestre 2024,2024,2,33,Rio de Janeiro,Sudeste,4021.0,6472,5933
202402,2º trimestre 2024,2024,2,35,São Paulo,Sudeste,4229.0,6472,5933
202402,2º trimestre 2024,2024,2,41,Paraná,Sul,3656.0,6472,5933
202402,2º trimestre 2024,2024,2,42,Santa Catarina,Sul,3785.0,6472,5933
202402,2º trimestre 2024,2024,2,43,Rio Grande do Sul,Sul,3846.0,6472,5933
202402,2º trimestre 2024,2024,2,50,Mato Grosso do Sul,Centro-Oeste,3539.0,6472,5933
202402,2º trimestre 2024,2024,2,51,Mato Grosso,Centro-Oeste,3768.0,6472,5933
202402,2º trimestre 2024,2024,2,52,Goiás,Centro-Oeste,3440.0,6472,5933
202402,2º trimestre 2024,2024,2,53,Distrito Federal,Centro-Oeste,5568.0,6472,5933
202403,3º trimestre 2024,2024,3,11,Rondônia,Norte,3268.0,6472,5933
202403,3º trimestre 2024,2024,3,12,Acre,Norte,2690.0,6472,5933
202403,3º trimestre 2024,2024,3,13,Amazonas,Norte,2475.0,6472,5933
202403,3º trimestre 2024,2024,3,14,Roraima,Norte,2853.0,6472,5933
202403,3º trimestre 2024,2024,3,15,Pará,Norte,2464.0,6472,5933
202403,3º trimestre 2024,2024,3,16,Amapá,Norte,2972.0,6472,5933
202403,3º trimestre 2024,2024,3,17,Tocantins,Norte,2940.0,6472,5933
202403,3º trimestre 2024,2024,3,21,Maranhão,Nordeste,2211.0,6472,5933
202403,3º trimestre 2024,2024,3,22,Piauí,Nordeste,2524.0,6472,5933
202403,3º trimestre 2024,2024,3,23,Ceará,Nordeste,2230.0,6472,5933
202403,3º trimestre 2024,2024,3,24,Rio Grande do Norte,Nordeste,2706.0,6472,5933
202403,3º trimestre 2024,2024,3,25,Paraíba,Nordeste,2580.0,6472,5933
202403,3º trimestre 2024,2024,3,26,Pernambuco,Nordeste,2460.0,6472,5933
202403,3º trimestre 2024,2024,3,27,Alagoas,Nordeste,2419.0,6472,5933
202403,3º trimestre 2024,2024,3,28,Sergipe,Nordeste,2476.0,6472,5933
202403,3º trimestre 2024,2024,3,29,Bahia,Nordeste,2202.0,6472,5933
202403,3º trimestre 2024,2024,3,31,Minas Gerais,Sudeste,3190.0,6472,5933
202403,3º trimestre 2024,2024,3,32,Espírito Santo,Sudeste,3534.0,6472,5933
202403,3º trimestre 2024,2024,3,33,Rio de Janeiro,Sudeste,3954.0,6472,5933
202403,3º trimestre 2024,2024,3,35,São Paulo,Sudeste,4250.0,6472,5933
202403,3º trimestre 2024,2024,3,41,Paraná,Sul,3745.0,6472,5933
202403,3º trimestre 2024,2024,3,42,Santa Catarina,Sul,3877.0,6472,5933
202403,3º trimestre 2024,2024,3,43,Rio Grande do Sul,Sul,3750.0,6472,5933
202403,3º trimestre 2024,2024,3,50,Mato Grosso do Sul,Centro-Oeste,3593.0,6472,5933
202403,3º trimestre 2024,2024,3,51,Mato Grosso,Centro-Oeste,3755.0,6472,5933
202403,3º trimestre 2024,2024,3,52,Goiás,Centro-Oeste,3392.0,6472,5933
202403,3º trimestre 2024,2024,3,53,Distrito Federal,Centro-Oeste,5785.0,6472,5933
202404,4º trimestre 2024,2024,4,11,Rondônia,Norte,3240.0,6472,5933
202404,4º trimestre 2024,2024,4,12,Acre,Norte,2738.0,6472,5933
202404,4º trimestre 2024,2024,4,13,Amazonas,Norte,2541.0,6472,5933
202404,4º trimestre 2024,2024,4,14,Roraima,Norte,3178.0,6472,5933
202404,4º trimestre 2024,2024,4,15,Pará,Norte,2483.0,6472,5933
202404,4º trimestre 2024,2024,4,16,Amapá,Norte,3005.0,6472,5933
202404,4º trimestre 2024,2024,4,17,Tocantins,Norte,3067.0,6472,5933
202404,4º trimestre 2024,2024,4,21,Maranhão,Nordeste,2164.0,6472,5933
202404,4º trimestre 2024,2024,4,22,Piauí,Nordeste,2524.0,6472,5933
202404,4º trimestre 2024,2024,4,23,Ceará,Nordeste,2265.0,6472,5933
202404,4º trimestre 2024,2024,4,24,Rio Grande do Norte,Nordeste,2683.0,6472,5933
202404,4º trimestre 2024,2024,4,25,Paraíba,Nordeste,2578.0,6472,5933
202404,4º trimestre 2024,2024,4,26,Pernambuco,Nordeste,2642.0,6472,5933
202404,4º trimestre 2024,2024,4,27,Alagoas,Nordeste,2484.0,6472,5933
202404,4º trimestre 2024,2024,4,28,Sergipe,Nordeste,2659.0,6472,5933
202404,4º trimestre 2024,2024,4,29,Bahia,Nordeste,2220.0,6472,5933
202404,4º trimestre 2024,2024,4,31,Minas Gerais,Sudeste,3135.0,6472,5933
202404,4º trimestre 2024,2024,4,32,Espírito Santo,Sudeste,3476.0,6472,5933
202404,4º trimestre 2024,2024,4,33,Rio de Janeiro,Sudeste,3941.0,6472,5933
202404,4º trimestre 2024,2024,4,35,São Paulo,Sudeste,4339.0,6472,5933
202404,4º trimestre 2024,2024,4,41,Paraná,Sul,3821.0,6472,5933
202404,4º trimestre 2024,2024,4,42,Santa Catarina,Sul,3943.0,6472,5933
202404,4º trimestre 2024,2024,4,43,Rio Grande do Sul,Sul,3890.0,6472,5933
202404,4º trimestre 2024,2024,4,50,Mato Grosso do Sul,Centro-Oeste,3662.0,6472,5933
202404,4º trimestre 2024,2024,4,51,Mato Grosso,Centro-Oeste,3750.0,6472,5933
202404,4º trimestre 2024,2024,4,52,Goiás,Centro-Oeste,3509.0,6472,5933
202404,4º trimestre 2024,2024,4,53,Distrito Federal,Centro-Oeste,5729.0,6472,5933
202501,1º trimestre 2025,2025,1,11,Rondônia,Norte,3110.0,6472,5933
202501,1º trimestre 2025,2025,1,12,Acre,Norte,2760.0,6472,5933
202501,1º trimestre 2025,2025,1,13,Amazonas,Norte,2567.0,6472,5933
202501,1º trimestre 2025,2025,1,14,Roraima,Norte,3219.0,6472,5933
202501,1º trimestre 2025,2025,1,15,Pará,Norte,2567.0,6472,5933
202501,1º trimestre 2025,2025,1,16,Amapá,Norte,3051.0,6472,5933
202501,1º trimestre 2025,2025,1,17,Tocantins,Norte,3149.0,6472,5933
202501,1º trimestre 2025,2025,1,21,Maranhão,Nordeste,2150.0,6472,5933
202501,1º trimestre 2025,2025,1,22,Piauí,Nordeste,2606.0,6472,5933
202501,1º trimestre 2025,2025,1,23,Ceará,Nordeste,2333.0,6472,5933
202501,1º trimestre 2025,2025,1,24,Rio Grande do Norte,Nordeste,2796.0,6472,5933
202501,1º trimestre 2025,2025,1,25,Paraíba,Nordeste,2549.0,6472,5933
202501,1º trimestre 2025,2025,1,26,Pernambuco,Nordeste,2766.0,6472,5933
202501,1º trimestre 2025,2025,1,27,Alagoas,Nordeste,2566.0,6472,5933
202501,1º trimestre 2025,2025,1,28,Sergipe,Nordeste,2643.0,6472,5933
202501,1º trimestre 2025,2025,1,29,Bahia,Nordeste,2279.0,6472,5933
202501,1º trimestre 2025,2025,1,31,Minas Gerais,Sudeste,3207.0,6472,5933
202501,1º trimestre 2025,2025,1,32,Espírito Santo,Sudeste,3557.0,6472,5933
202501,1º trimestre 2025,2025,1,33,Rio de Janeiro,Sudeste,4201.0,6472,5933
202501,1º trimestre 2025,2025,1,35,São Paulo,Sudeste,4231.0,6472,5933
202501,1º trimestre 2025,2025,1,41,Paraná,Sul,3865.0,6472,5933
202501,1º trimestre 2025,2025,1,42,Santa Catarina,Sul,4164.0,6472,5933
202501,1º trimestre 2025,2025,1,43,Rio Grande do Sul,Sul,3912.0,6472,5933
202501,1º trimestre 2025,2025,1,50,Mato Grosso do Sul,Centro-Oeste,3706.0,6472,5933
202501,1º trimestre 2025,2025,1,51,Mato Grosso,Centro-Oeste,3727.0,6472,5933
202501,1º trimestre 2025,2025,1,52,Goiás,Centro-Oeste,3447.0,6472,5933
202501,1º trimestre 2025,2025,1,53,Distrito Federal,Centro-Oeste,5767.0,6472,5933
202502,2º trimestre 2025,2025,2,11,Rondônia,Norte,3232.0,6472,5933
202502,2º trimestre 2025,2025,2,12,Acre,Norte,2600.0,6472,5933
202502,2º trimestre 2025,2025,2,13,Amazonas,Norte,2491.0,6472,5933
202502,2º trimestre 2025,2025,2,14,Roraima,Norte,3281.0,6472,5933
202502,2º trimestre 2025,2025,2,15,Pará,Norte,2643.0,6472,5933
202502,2º trimestre 2025,2025,2,16,Amapá,Norte,3124.0,6472,5933
202502,2º trimestre 2025,2025,2,17,Tocantins,Norte,3196.0,6472,5933
202502,2º trimestre 2025,2025,2,21,Maranhão,Nordeste,2203.0,6472,5933
202502,2º trimestre 2025,2025,2,22,Piauí,Nordeste,2479.0,6472,5933
202502,2º trimestre 2025,2025,2,23,Ceará,Nordeste,2393.0,6472,5933
202502,2º trimestre 2025,2025,2,24,Rio Grande do Norte,Nordeste,2953.0,6472,5933
202502,2º trimestre 2025,2025,2,25,Paraíba,Nordeste,2481.0,6472,5933
202502,2º trimestre 2025,2025,2,26,Pernambuco,Nordeste,2798.0,6472,5933
202502,2º trimestre 2025,2025,2,27,Alagoas,Nordeste,2593.0,6472,5933
202502,2º trimestre 2025,2025,2,28,Sergipe,Nordeste,2612.0,6472,5933
202502,2º trimestre 2025,2025,2,29,Bahia,Nordeste,2251.0,6472,5933
202502,2º trimestre 2025,2025,2,31,Minas Gerais,Sudeste,3284.0,6472,5933
202502,2º trimestre 2025,2025,2,32,Espírito Santo,Sudeste,3578.0,6472,5933
202502,2º trimestre 2025,2025,2,33,Rio de Janeiro,Sudeste,4296.0,6472,5933
202502,2º trimestre 2025,2025,2,35,São Paulo,Sudeste,4302.0,6472,5933
202502,2º trimestre 2025,2025,2,41,Paraná,Sul,3889.0,6472,5933
202502,2º trimestre 2025,2025,2,42,Santa Catarina,Sul,4164.0,6472,5933
202502,2º trimestre 2025,2025,2,43,Rio Grande do Sul,Sul,3886.0,6472,5933
202502,2º trimestre 2025,2025,2,50,Mato Grosso do Sul,Centro-Oeste,3621.0,6472,5933
202502,2º trimestre 2025,2025,2,51,Mato Grosso,Centro-Oeste,3683.0,6472,5933
202502,2º trimestre 2025,2025,2,52,Goiás,Centro-Oeste,3539.0,6472,5933
202502,2º trimestre 2025,2025,2,53,Distrito Federal,Centro-Oeste,6082.0,6472,5933
202503,3º trimestre 2025,2025,3,11,Rondônia,Norte,3242.0,6472,5933
202503,3º trimestre 2025,2025,3,12,Acre,Norte,2854.0,6472,5933
202503,3º trimestre 2025,2025,3,13,Amazonas,Norte,2646.0,6472,5933
202503,3º trimestre 2025,2025,3,14,Roraima,Norte,3377.0,6472,5933
202503,3º trimestre 2025,2025,3,15,Pará,Norte,2458.0,6472,5933
202503,3º trimestre 2025,2025,3,16,Amapá,Norte,3102.0,6472,5933
202503,3º trimestre 2025,2025,3,17,Tocantins,Norte,3164.0,6472,5933
202503,3º trimestre 2025,2025,3,21,Maranhão,Nordeste,2222.0,6472,5933
202503,3º trimestre 2025,2025,3,22,Piauí,Nordeste,2527.0,6472,5933
202503,3º trimestre 2025,2025,3,23,Ceará,Nordeste,2404.0,6472,5933
202503,3º trimestre 2025,2025,3,24,Rio Grande do Norte,Nordeste,2872.0,6472,5933
202503,3º trimestre 2025,2025,3,25,Paraíba,Nordeste,2627.0,6472,5933
202503,3º trimestre 2025,2025,3,26,Pernambuco,Nordeste,2685.0,6472,5933
202503,3º trimestre 2025,2025,3,27,Alagoas,Nordeste,2518.0,6472,5933
202503,3º trimestre 2025,2025,3,28,Sergipe,Nordeste,2960.0,6472,5933
202503,3º trimestre 2025,2025,3,29,Bahia,Nordeste,2325.0,6472,5933
202503,3º trimestre 2025,2025,3,31,Minas Gerais,Sudeste,3271.0,6472,5933
202503,3º trimestre 2025,2025,3,32,Espírito Santo,Sudeste,3506.0,6472,5933
202503,3º trimestre 2025,2025,3,33,Rio de Janeiro,Sudeste,4185.0,6472,5933
202503,3º trimestre 2025,2025,3,35,São Paulo,Sudeste,4259.0,6472,5933
202503,3º trimestre 2025,2025,3,41,Paraná,Sul,4118.0,6472,5933
202503,3º trimestre 2025,2025,3,42,Santa Catarina,Sul,4268.0,6472,5933
202503,3º trimestre 2025,2025,3,43,Rio Grande do Sul,Sul,3954.0,6472,5933
202503,3º trimestre 2025,2025,3,50,Mato Grosso do Sul,Centro-Oeste,3642.0,6472,5933
202503,3º trimestre 2025,2025,3,51,Mato Grosso,Centro-Oeste,3839.0,6472,5933
202503,3º trimestre 2025,2025,3,52,Goiás,Centro-Oeste,3636.0,6472,5933
202503,3º trimestre 2025,2025,3,53,Distrito Federal,Centro-Oeste,6278.0,6472,5933
202504,4º trimestre 2025,2025,4,11,Rondônia,Norte,3532.0,6472,5933
202504,4º trimestre 2025,2025,4,12,Acre,Norte,3007.0,6472,5933
202504,4º trimestre 2025,2025,4,13,Amazonas,Norte,2722.0,6472,5933
202504,4º trimestre 2025,2025,4,14,Roraima,Norte,3320.0,6472,5933
202504,4º trimestre 2025,2025,4,15,Pará,Norte,2609.0,6472,5933
202504,4º trimestre 2025,2025,4,16,Amapá,Norte,3404.0,6472,5933
202504,4º trimestre 2025,2025,4,17,Tocantins,Norte,3333.0,6472,5933
202504,4º trimestre 2025,2025,4,21,Maranhão,Nordeste,2155.0,6472,5933
202504,4º trimestre 2025,2025,4,22,Piauí,Nordeste,2619.0,6472,5933
202504,4º trimestre 2025,2025,4,23,Ceará,Nordeste,2469.0,6472,5933
202504,4º trimestre 2025,2025,4,24,Rio Grande do Norte,Nordeste,2881.0,6472,5933
202504,4º trimestre 2025,2025,4,25,Paraíba,Nordeste,2702.0,6472,5933
202504,4º trimestre 2025,2025,4,26,Pernambuco,Nordeste,2768.0,6472,5933
202504,4º trimestre 2025,2025,4,27,Alagoas,Nordeste,2595.0,6472,5933
202504,4º trimestre 2025,2025,4,28,Sergipe,Nordeste,2914.0,6472,5933
202504,4º trimestre 2025,2025,4,29,Bahia,Nordeste,2394.0,6472,5933
202504,4º trimestre 2025,2025,4,31,Minas Gerais,Sudeste,3406.0,6472,5933
202504,4º trimestre 2025,2025,4,32,Espírito Santo,Sudeste,3554.0,6472,5933
202504,4º trimestre 2025,2025,4,33,Rio de Janeiro,Sudeste,4243.0,6472,5933
202504,4º trimestre 2025,2025,4,35,São Paulo,Sudeste,4387.0,6472,5933
202504,4º trimestre 2025,2025,4,41,Paraná,Sul,4165.0,6472,5933
202504,4º trimestre 2025,2025,4,42,Santa Catarina,Sul,4240.0,6472,5933
202504,4º trimestre 2025,2025,4,43,Rio Grande do Sul,Sul,4017.0,6472,5933
202504,4º trimestre 2025,2025,4,50,Mato Grosso do Sul,Centro-Oeste,3733.0,6472,5933
202504,4º trimestre 2025,2025,4,51,Mato Grosso,Centro-Oeste,3942.0,6472,5933
202504,4º trimestre 2025,2025,4,52,Goiás,Centro-Oeste,3715.0,6472,5933
202504,4º trimestre 2025,2025,4,53,Distrito Federal,Centro-Oeste,6304.0,6472,5933
202601,1º trimestre 2026,2026,1,11,Rondônia,Norte,3484.0,6472,5933
202601,1º trimestre 2026,2026,1,12,Acre,Norte,2852.0,6472,5933
202601,1º trimestre 2026,2026,1,13,Amazonas,Norte,2770.0,6472,5933
202601,1º trimestre 2026,2026,1,14,Roraima,Norte,3532.0,6472,5933
202601,1º trimestre 2026,2026,1,15,Pará,Norte,2528.0,6472,5933
202601,1º trimestre 2026,2026,1,16,Amapá,Norte,3412.0,6472,5933
202601,1º trimestre 2026,2026,1,17,Tocantins,Norte,3331.0,6472,5933
202601,1º trimestre 2026,2026,1,21,Maranhão,Nordeste,2240.0,6472,5933
202601,1º trimestre 2026,2026,1,22,Piauí,Nordeste,2628.0,6472,5933
202601,1º trimestre 2026,2026,1,23,Ceará,Nordeste,2597.0,6472,5933
202601,1º trimestre 2026,2026,1,24,Rio Grande do Norte,Nordeste,2953.0,6472,5933
202601,1º trimestre 2026,2026,1,25,Paraíba,Nordeste,2806.0,6472,5933
202601,1º trimestre 2026,2026,1,26,Pernambuco,Nordeste,2830.0,6472,5933
202601,1º trimestre 2026,2026,1,27,Alagoas,Nordeste,2536.0,6472,5933
202601,1º trimestre 2026,2026,1,28,Sergipe,Nordeste,3031.0,6472,5933
202601,1º trimestre 2026,2026,1,29,Bahia,Nordeste,2483.0,6472,5933
202601,1º trimestre 2026,2026,1,31,Minas Gerais,Sudeste,3448.0,6472,5933
202601,1º trimestre 2026,2026,1,32,Espírito Santo,Sudeste,3708.0,6472,5933
202601,1º trimestre 2026,2026,1,33,Rio de Janeiro,Sudeste,4352.0,6472,5933
202601,1º trimestre 2026,2026,1,35,São Paulo,Sudeste,4378.0,6472,5933
202601,1º trimestre 2026,2026,1,41,Paraná,Sul,4180.0,6472,5933
202601,1º trimestre 2026,2026,1,42,Santa Catarina,Sul,4298.0,6472,5933
202601,1º trimestre 2026,2026,1,43,Rio Grande do Sul,Sul,4127.0,6472,5933
202601,1º trimestre 2026,2026,1,50,Mato Grosso do Sul,Centro-Oeste,3768.0,6472,5933
202601,1º trimestre 2026,2026,1,51,Mato Grosso,Centro-Oeste,3940.0,6472,5933
202601,1º trimestre 2026,2026,1,52,Goiás,Centro-Oeste,3878.0,6472,5933
202601,1º trimestre 2026,2026,1,53,Distrito Federal,Centro-Oeste,6720.0,6472,5933
